amount_loan,duration,payments,pay_bal,balance_mean,amount_mean,balance_max,amount_max,balance_min,amount_min,type_card,genre,age,no_habitantes,no_ciudades,ratio_habitantes_urbanos,salario_promedio,tasa_desempleo_1995,tasa_desempleo_1996,no_emprendedores_por_1000_habitantes,numero_delitos_cometidos_1995,numero_delitos_cometidos_1996,disp_count,otros,pago_arrendamiento,pago_domestico,pago_prestamo,pago_seguro,total_amount_orders,frequency
115931.36170212766,24.51063829787234,4798.36170212766,0.21687676273554846,45597.82041333181,10091.45152085162,85971.10531914896,41864.72340425532,16023.522340425536,22.44574468085104,0.5319148936170213,0.5319148936170213,40.861702127659576,155914.0744680851,5.691489361702128,67.97659574468084,9275.08510638298,3.8663829787234034,4.627340425531917,111.45744680851064,5691.031914893617,5662.68085106383,1.1382978723404256,0.09574468085106383,0.0,0.23404255319148937,1.0,0.010638297872340425,6598.51489361702,1.0957446808510638
97579.125,21.375,4410.34375,0.2168767627355483,43824.21295783153,8899.05932101196,80839.73125,39746.359375,14256.60625,17.63437500000001,0.1875,0.46875,41.65625,1204953.0,1.0,100.0,12541.0,0.28999999999999987,0.4299999999999998,167.0,85677.0,99107.0,1.25,0.375,0.0,0.6875,1.0,0.25,9826.959375000002,1.1875
82828.55555555556,21.444444444444443,4080.8055555555557,0.21687676273554846,41493.31787379337,7983.3174614955,76050.06481481482,36426.38425925926,15508.345370370369,38.70092592592588,0.25925925925925924,0.5092592592592593,39.657407407407405,121229.61111111111,6.2592592592592595,59.484259259259225,8949.037037037036,3.01722222222222,3.6341666666666677,116.36111111111111,3630.277777777778,3691.4166666666665,1.3148148148148149,0.6388888888888888,0.0,0.9722222222222222,1.0,0.32407407407407407,11285.60648148148,1.0648148148148149
