amount_loan,duration,payments,pay_bal,balance_mean,amount_mean,balance_max,amount_max,balance_min,amount_min,type_card,genre,age,no_habitantes,no_ciudades,ratio_habitantes_urbanos,salario_promedio,tasa_desempleo_1995,tasa_desempleo_1996,no_emprendedores_por_1000_habitantes,numero_delitos_cometidos_1995,numero_delitos_cometidos_1996,disp_count,otros,pago_arrendamiento,pago_domestico,pago_prestamo,pago_seguro,total_amount_orders,frequency
97579.125,21.375,4410.34375,0.3492483484508133,43824.21295783153,8899.05932101196,80839.73125,39746.359375,14256.60625,17.63437500000001,0.1875,0.46875,41.65625,1204953.0,1.0,100.0,12541.0,0.28999999999999987,0.4299999999999998,167.0,85677.0,99107.0,1.25,0.375,0.0,0.6875,1.0,0.25,9826.959375000002,1.1875
110345.93939393939,23.515151515151516,4806.666666666667,0.28062593823437404,55057.51149549705,12429.315476219203,107799.45050505048,51954.65151515151,18322.870707070706,25.479797979797944,0.494949494949495,0.4444444444444444,40.09090909090909,133192.9898989899,6.08080808080808,63.380808080808045,9075.858585858587,3.5875757575757565,4.272929292929295,112.98989898989899,4455.717171717171,4478.242424242424,1.2222222222222223,0.31313131313131315,0.0,0.5555555555555556,1.0,0.1111111111111111,9637.93131313131,1.1313131313131313
86590.1359223301,22.25242718446602,4037.990291262136,0.46521241623618176,32201.74573950162,5633.907734522964,54587.818446601974,26464.300970873788,13273.283495145633,36.57378640776693,0.2815533980582524,0.5922330097087378,40.33980582524272,141384.61165048543,5.912621359223301,63.48932038834948,9124.699029126214,3.24398058252427,3.926601941747574,115.12621359223301,4717.582524271845,4734.165048543689,1.2427184466019416,0.4563106796116505,0.0,0.6990291262135923,1.0,0.24271844660194175,8591.754368932036,1.029126213592233
